[
  {
    "id": 100041114,
    "ancien_id": "",
    "nom": "Eco-Display Parc Stanley",
    "statut": "Actif",
    "latitude": 45.55759296561201,
    "longitude": -73.67322198070093,
    "annee_implante": 2018
  },
  {
    "id": 100002880,
    "ancien_id": 10,
    "nom": "Pont Jacques-Cartier",
    "statut": "Actif",
    "latitude": 45.5255082563413,
    "longitude": -73.5544220271119,
    "annee_implante": 2011
  },
  {
    "id": 100003032,
    "ancien_id": 3,
    "nom": "Berri1",
    "statut": "Actif",
    "latitude": 45.516216,
    "longitude": -73.56297,
    "annee_implante": 2010
  },
  {
    "id": 100003034,
    "ancien_id": 6,
    "nom": "Rachel / Papineau",
    "statut": "Actif",
    "latitude": 45.53044782912952,
    "longitude": -73.56954036492331,
    "annee_implante": 2007
  },
  {
    "id": 100003039,
    "ancien_id": 5,
    "nom": "Maisonneuve_2 (@Peel)",
    "statut": "Actif",
    "latitude": 45.500507,
    "longitude": -73.57497,
    "annee_implante": 2008
  },
  {
    "id": 100003040,
    "ancien_id": 12,
    "nom": "Pierre-Dupuy",
    "statut": "Actif",
    "latitude": 45.50127,
    "longitude": -73.54441,
    "annee_implante": 2010
  },
  {
    "id": 100003041,
    "ancien_id": 8,
    "nom": "CSC (Côte Sainte-Catherine)_EnMaintenance",
    "statut": "En maintenance",
    "latitude": 45.5149,
    "longitude": -73.607506,
    "annee_implante": 2010
  },
  {
    "id": 100003042,
    "ancien_id": 22,
    "nom": "Parc",
    "statut": "Actif",
    "latitude": 45.51385,
    "longitude": -73.58151,
    "annee_implante": 2010
  },
  {
    "id": 100004575,
    "ancien_id": 2,
    "nom": "Brébeuf",
    "statut": "Actif",
    "latitude": 45.527496,
    "longitude": -73.57432,
    "annee_implante": 2009
  },
  {
    "id": 100007390,
    "ancien_id": 37,
    "nom": "Eco-Display - Métro Laurier",
    "statut": "Actif",
    "latitude": 45.5277722028042,
    "longitude": -73.5888323717438,
    "annee_implante": 2013
  },
  {
    "id": 100011747,
    "ancien_id": 14,
    "nom": "Saint-Antoine_En Maintenance",
    "statut": "En maintenance",
    "latitude": 45.50625,
    "longitude": -73.557785,
    "annee_implante": 2013
  },
  {
    "id": 100011748,
    "ancien_id": 36,
    "nom": "René-Lévesque",
    "statut": "Actif",
    "latitude": 45.516968,
    "longitude": -73.55404,
    "annee_implante": 2013
  },
  {
    "id": 100011783,
    "ancien_id": 17,
    "nom": "Maisonneuve_3 (@Marcil)",
    "statut": "Actif",
    "latitude": 45.470493,
    "longitude": -73.609566,
    "annee_implante": 2013
  },
  {
    "id": 100012217,
    "ancien_id": 23,
    "nom": "Rachel / HôteldeVille",
    "statut": "Actif",
    "latitude": 45.51962,
    "longitude": -73.58025,
    "annee_implante": 2013
  },
  {
    "id": 100012218,
    "ancien_id": 29,
    "nom": "Boyer",
    "statut": "Actif",
    "latitude": 45.53365,
    "longitude": -73.59459,
    "annee_implante": 2013
  },
  {
    "id": 100017441,
    "ancien_id": 7,
    "nom": "University",
    "statut": "Actif",
    "latitude": 45.506134,
    "longitude": -73.57587,
    "annee_implante": 2013
  },
  {
    "id": 100017523,
    "ancien_id": 1,
    "nom": "Saint-Urbain",
    "statut": "Actif",
    "latitude": 45.5193951037592,
    "longitude": -73.5886631073951,
    "annee_implante": 2014
  },
  {
    "id": 100025474,
    "ancien_id": "",
    "nom": "Saint-Laurent/Bellechasse",
    "statut": "Actif",
    "latitude": 45.5278195427535,
    "longitude": -73.6031121673584,
    "annee_implante": 2016
  },
  {
    "id": 100034805,
    "ancien_id": "",
    "nom": "Gouin / Lajeunesse",
    "statut": "Actif",
    "latitude": 45.557660786928885,
    "longitude": -73.67342519533321,
    "annee_implante": 2017
  },
  {
    "id": 100035408,
    "ancien_id": "",
    "nom": "Boyer 2",
    "statut": "Actif",
    "latitude": 45.54346079168719,
    "longitude": -73.61668336519156,
    "annee_implante": 2017
  },
  {
    "id": 100035409,
    "ancien_id": "",
    "nom": "Christophe-Colomb_PisteEnSitePropre",
    "statut": "Actif",
    "latitude": 45.55773,
    "longitude": -73.64662,
    "annee_implante": 2017
  },
  {
    "id": 100041101,
    "ancien_id": "",
    "nom": "Edmond Valade",
    "statut": "Actif",
    "latitude": 45.54168,
    "longitude": -73.68448,
    "annee_implante": 2017
  },
  {
    "id": 100001753,
    "ancien_id": 18,
    "nom": "Notre-Dame",
    "statut": "Actif",
    "latitude": 45.530216,
    "longitude": -73.544426,
    "annee_implante": 2013
  },
  {
    "id": 100047030,
    "ancien_id": 15,
    "nom": "Viger",
    "statut": "Actif",
    "latitude": 45.50600884799096,
    "longitude": -73.55960264511492,
    "annee_implante": 2013
  },
  {
    "id": 100052600,
    "ancien_id": "",
    "nom": "Rachel 3 (Angus)",
    "statut": "Unidirectionnel",
    "latitude": 45.543276810912914,
    "longitude": -73.56190718304119,
    "annee_implante": 2019
  },
  {
    "id": 100052601,
    "ancien_id": "",
    "nom": "Pont Ile Bizard",
    "statut": "Actif",
    "latitude": 45.486221523199305,
    "longitude": -73.86606423555334,
    "annee_implante": 2019
  },
  {
    "id": 100052602,
    "ancien_id": "",
    "nom": "Pont Le Gardeur",
    "statut": "Actif",
    "latitude": 45.70089562398661,
    "longitude": -73.4832523129735,
    "annee_implante": 2019
  },
  {
    "id": 100052603,
    "ancien_id": "",
    "nom": "Piste Des Carrières",
    "statut": "Actif",
    "latitude": 45.53416012524185,
    "longitude": -73.59146414618658,
    "annee_implante": 2019
  },
  {
    "id": 100052604,
    "ancien_id": "",
    "nom": "Estacade",
    "statut": "Actif",
    "latitude": 45.466750971228336,
    "longitude": -73.53382546846566,
    "annee_implante": 2019
  },
  {
    "id": 100052605,
    "ancien_id": "",
    "nom": "Notre Dame 3 (Bellerive)",
    "statut": "Actif",
    "latitude": 45.5919291608105,
    "longitude": -73.51000706512123,
    "annee_implante": 2019
  },
  {
    "id": 100052606,
    "ancien_id": "",
    "nom": "Bennett",
    "statut": "Actif",
    "latitude": 45.55508439136479,
    "longitude": -73.53881875080648,
    "annee_implante": 2019
  },
  {
    "id": 100053055,
    "ancien_id": "",
    "nom": "Sainte-Croix",
    "statut": "Actif",
    "latitude": 45.511742476289925,
    "longitude": -73.67253108202766,
    "annee_implante": 2019
  },
  {
    "id": 100053057,
    "ancien_id": "",
    "nom": "Bord-du-Lac vers est_EnMaintenance",
    "statut": "En maintenance",
    "latitude": 45.44692242889087,
    "longitude": -73.7827912507652,
    "annee_implante": 2019
  },
  {
    "id": 100053058,
    "ancien_id": "",
    "nom": "Bord-du-Lac vers ouest_EnMaintenance",
    "statut": "En maintenance",
    "latitude": 45.44699362538782,
    "longitude": -73.78264165424379,
    "annee_implante": 2019
  },
  {
    "id": 100053059,
    "ancien_id": "",
    "nom": "Valois",
    "statut": "Actif",
    "latitude": 45.54684413712084,
    "longitude": -73.54238787658998,
    "annee_implante": 2019
  },
  {
    "id": 100053210,
    "ancien_id": "",
    "nom": "Souligny",
    "statut": "Actif",
    "latitude": 45.595537645041134,
    "longitude": -73.52043545138532,
    "annee_implante": 2019
  },
  {
    "id": 100054073,
    "ancien_id": "",
    "nom": "16e Avenue (@Bélanger)",
    "statut": "Actif",
    "latitude": 45.56071317115146,
    "longitude": -73.59063628650485,
    "annee_implante": 2019
  },
  {
    "id": 100055268,
    "ancien_id": "",
    "nom": "Rachel 4 (@ Pie IX)",
    "statut": "Actif",
    "latitude": 45.553646534540135,
    "longitude": -73.5557600288962,
    "annee_implante": 2020
  },
  {
    "id": 100056188,
    "ancien_id": "",
    "nom": "Maisonneuve 4 (@Plessis)",
    "statut": "Actif",
    "latitude": 45.52133353005951,
    "longitude": -73.55549917938745,
    "annee_implante": 2019
  },
  {
    "id": 100057050,
    "ancien_id": "",
    "nom": "Maurice-Duplessis",
    "statut": "Actif",
    "latitude": 45.65913034697104,
    "longitude": -73.54248335311773,
    "annee_implante": 2019
  },
  {
    "id": 100057051,
    "ancien_id": "",
    "nom": "Querbes / St-Roch",
    "statut": "Actif",
    "latitude": 45.53016420946323,
    "longitude": -73.62942808518474,
    "annee_implante": 2019
  },
  {
    "id": 100057052,
    "ancien_id": "",
    "nom": "Wellington / Charlevoix",
    "statut": "Actif",
    "latitude": 45.47388790233083,
    "longitude": -73.56183075238538,
    "annee_implante": 2019
  },
  {
    "id": 100057053,
    "ancien_id": "",
    "nom": "Maisonneuve 5 (@Vendôme)",
    "statut": "Actif",
    "latitude": 45.47370620324923,
    "longitude": -73.60486181895988,
    "annee_implante": 2019
  },
  {
    "id": 100057500,
    "ancien_id": 4,
    "nom": "Maisonneuve 1 (@Berri)",
    "statut": "Actif",
    "latitude": 45.51492450009753,
    "longitude": -73.5613794582211,
    "annee_implante": 2008
  },
  {
    "id": 38,
    "ancien_id": 38,
    "nom": "Parc U-Zelt Test",
    "statut": "Inactif",
    "latitude": 45.5137,
    "longitude": -73.58221,
    "annee_implante": 2015
  },
  {
    "id": 39,
    "ancien_id": 39,
    "nom": "Saint-Laurent U-Zelt Test",
    "statut": "Inactif",
    "latitude": 45.52782,
    "longitude": -73.60311,
    "annee_implante": 2015
  },
  {
    "id": 100053209,
    "ancien_id": "",
    "nom": "Camillien-Houde 1",
    "statut": "Actif",
    "latitude": 45.50861581661045,
    "longitude": -73.59116351638738,
    "annee_implante": 2019
  },
  {
    "id": 100054241,
    "ancien_id": "",
    "nom": "McGill / William",
    "statut": "Actif",
    "latitude": 45.49983514414373,
    "longitude": -73.55604979610504,
    "annee_implante": 2020
  },
  {
    "id": 100054585,
    "ancien_id": "",
    "nom": "Remembrance",
    "statut": "En maintenance",
    "latitude": 45.50160317511961,
    "longitude": -73.59793406758837,
    "annee_implante": 2019
  },
  {
    "id": 300014916,
    "ancien_id": "",
    "nom": "REV Bellechasse 13ème",
    "statut": "Actif",
    "latitude": 45.55546272716089,
    "longitude": -73.58104526996614,
    "annee_implante": 2021
  },
  {
    "id": 300014994,
    "ancien_id": "",
    "nom": "REV Berri/Sauvé dir sud",
    "statut": "Actif",
    "latitude": 45.55089408852223,
    "longitude": -73.65644216602959,
    "annee_implante": 2021
  },
  {
    "id": 300014993,
    "ancien_id": "",
    "nom": "REV Lajeunesse/Sauvé dir nord",
    "statut": "Actif",
    "latitude": 45.551458406258135,
    "longitude": -73.65503430293758,
    "annee_implante": 2020
  },
  {
    "id": 300014986,
    "ancien_id": "",
    "nom": "REV St-Denis/Carrières dir nord",
    "statut": "Actif",
    "latitude": 45.53052686785812,
    "longitude": -73.59711706638338,
    "annee_implante": 2020
  },
  {
    "id": 300014985,
    "ancien_id": "",
    "nom": "REV St-Denis/Carrières dir sud",
    "statut": "Actif",
    "latitude": 45.53027132795617,
    "longitude": -73.59696149826051,
    "annee_implante": 2020
  },
  {
    "id": 300014995,
    "ancien_id": "",
    "nom": "REV St-Denis/Duluth dir nord",
    "statut": "Actif",
    "latitude": 45.52085687975788,
    "longitude": -73.57602953910829,
    "annee_implante": 2020
  },
  {
    "id": 300014996,
    "ancien_id": "",
    "nom": "REV St-Denis/Rachel dir sud",
    "statut": "Actif",
    "latitude": 45.52162362428968,
    "longitude": -73.57789635658266,
    "annee_implante": 2020
  }
]
